{"cameraMode":{"drawMode":0,"name":"Shaded","section":"Shading Mode"},"sceneLighting":true,"audioPlay":false,"sceneViewState":{"m_AlwaysRefresh":false,"showFog":true,"showSkybox":true,"showFlares":true,"showImageEffects":true,"showParticleSystems":true,"showVisualEffectGraphs":true,"m_FxEnabled":true},"in2DMode":false,"pivot":{"x":0.16672289371490479,"y":-0.6530803442001343,"z":-0.26028645038604739},"rotation":{"x":-0.16759885847568513,"y":0.8089736104011536,"z":-0.2760176956653595,"w":-0.4912119507789612},"size":1.3344621658325196,"orthographic":false}